Stationsnamn;Stationsnummer;Stationsnät;Mäthöjd (meter över marken)
Jönköping-Axamos Flygplats;74460;SMHIs stationsnät;2.0

Parameternamn;Beskrivning;Enhet
Lufttemperatur;medel, 1 gång per månad;celsius

Tidsperiod (fr.o.m);Tidsperiod (t.o.m);Höjd (meter över havet);Latitud (decimalgrader);Longitud (decimalgrader)
1965-04-01 00:00:00;2024-09-30 23:59:59;226.0;57.7514;14.0733

Från Datum Tid (UTC);Till Datum Tid (UTC);Representativ månad;Lufttemperatur;Kvalitet;;Tidsutsnitt:
1965-03-01 00:00:01;1965-04-01 00:00:00;1965-03;-2.3;Y;;Kvalitetskontrollerade historiska data (utom de senaste 3 mån)
1965-04-01 00:00:01;1965-05-01 00:00:00;1965-04;4.1;Y;;Tidsperiod (fr.o.m.) = 1965-04-01 00:00:00 (UTC)
1965-05-01 00:00:01;1965-06-01 00:00:00;1965-05;7.8;Y;;Tidsperiod (t.o.m.) = 2024-07-01 06:00:00 (UTC)
1965-06-01 00:00:01;1965-07-01 00:00:00;1965-06;13.6;Y;;Medelvärdet är beräknat för = 1 månad
1965-07-01 00:00:01;1965-08-01 00:00:00;1965-07;12.8;Y;;
1965-08-01 00:00:01;1965-09-01 00:00:00;1965-08;12.7;Y;;Kvalitetskoderna:
1965-09-01 00:00:01;1965-10-01 00:00:00;1965-09;11.7;Y;;Grön (G) = Kontrollerade och godkända värden.
1965-10-01 00:00:01;1965-11-01 00:00:00;1965-10;6.9;Y;;Gul (Y) = Misstänkta eller aggregerade värden. Grovt kontrollerade arkivdata och okontrollerade realtidsdata (senaste 2 tim).
1965-11-01 00:00:01;1965-12-01 00:00:00;1965-11;-2.4;Y;;
1965-12-01 00:00:01;1966-01-01 00:00:00;1965-12;-4.9;Y;;Nätinformation:
1966-01-01 00:00:01;1966-02-01 00:00:00;1966-01;-6.7;Y;;SMHIs Stationsnät: Data samlas in och lagras i SMHIs databaser. Data kvalitetskontrolleras vilket innebär att felaktiga data korrigeras och att databortfall kompletteras utifrån expertbedömning där det är möjligt. De flesta stationerna övervakas, inspekteras och underhålls löpande av SMHI.
1966-02-01 00:00:01;1966-03-01 00:00:00;1966-02;-8.4;Y;;Övriga stationer: Data samlas in och lagras i SMHIs databaser. Datakvaliteten är för SMHI okänd då SMHI varken utför kvalitetskontroll på data eller inspektioner på stationerna.
1966-03-01 00:00:01;1966-04-01 00:00:00;1966-03;-0.8;Y;;
1966-04-01 00:00:01;1966-05-01 00:00:00;1966-04;0.8;Y;;Möjliga orsaker till saknade data:
1966-05-01 00:00:01;1966-06-01 00:00:00;1966-05;9.7;Y;;– stationen eller givaren har varit ur funktion.
1966-06-01 00:00:01;1966-07-01 00:00:00;1966-06;15.4;Y;;– stationen har endast levererat värden med kvalitetskod Röd (R). Dessa levereras ej.
1966-07-01 00:00:01;1966-08-01 00:00:00;1966-07;14.7;Y
1966-08-01 00:00:01;1966-09-01 00:00:00;1966-08;13.3;Y
1966-09-01 00:00:01;1966-10-01 00:00:00;1966-09;9.9;Y
1966-10-01 00:00:01;1966-11-01 00:00:00;1966-10;6.3;Y
1966-11-01 00:00:01;1966-12-01 00:00:00;1966-11;1.6;Y
1966-12-01 00:00:01;1967-01-01 00:00:00;1966-12;-1.9;Y
1967-01-01 00:00:01;1967-02-01 00:00:00;1967-01;-5.1;Y
1967-02-01 00:00:01;1967-03-01 00:00:00;1967-02;-1.4;Y
1967-03-01 00:00:01;1967-04-01 00:00:00;1967-03;2.7;Y
1967-04-01 00:00:01;1967-05-01 00:00:00;1967-04;3.5;Y
1967-05-01 00:00:01;1967-06-01 00:00:00;1967-05;9.0;Y
1967-06-01 00:00:01;1967-07-01 00:00:00;1967-06;12.7;Y
1967-07-01 00:00:01;1967-08-01 00:00:00;1967-07;15.3;Y
1967-08-01 00:00:01;1967-09-01 00:00:00;1967-08;14.4;Y
1967-09-01 00:00:01;1967-10-01 00:00:00;1967-09;11.3;Y
1967-10-01 00:00:01;1967-11-01 00:00:00;1967-10;8.3;Y
1967-11-01 00:00:01;1967-12-01 00:00:00;1967-11;3.1;Y
1967-12-01 00:00:01;1968-01-01 00:00:00;1967-12;-3.9;Y
1968-01-01 00:00:01;1968-02-01 00:00:00;1968-01;-5.6;Y
1968-02-01 00:00:01;1968-03-01 00:00:00;1968-02;-5.0;Y
1968-03-01 00:00:01;1968-04-01 00:00:00;1968-03;0.9;Y
1968-04-01 00:00:01;1968-05-01 00:00:00;1968-04;6.0;Y
1968-05-01 00:00:01;1968-06-01 00:00:00;1968-05;7.6;Y
1968-06-01 00:00:01;1968-07-01 00:00:00;1968-06;15.5;Y
1968-07-01 00:00:01;1968-08-01 00:00:00;1968-07;14.4;Y
1968-08-01 00:00:01;1968-09-01 00:00:00;1968-08;15.0;Y
1968-09-01 00:00:01;1968-10-01 00:00:00;1968-09;11.2;Y
1968-10-01 00:00:01;1968-11-01 00:00:00;1968-10;5.5;Y
1968-11-01 00:00:01;1968-12-01 00:00:00;1968-11;0.6;Y
1968-12-01 00:00:01;1969-01-01 00:00:00;1968-12;-2.5;Y
1969-01-01 00:00:01;1969-02-01 00:00:00;1969-01;-3.3;Y
1969-02-01 00:00:01;1969-03-01 00:00:00;1969-02;-6.2;Y
1969-03-01 00:00:01;1969-04-01 00:00:00;1969-03;-5.0;Y
1969-04-01 00:00:01;1969-05-01 00:00:00;1969-04;3.6;Y
1969-05-01 00:00:01;1969-06-01 00:00:00;1969-05;8.6;Y
1969-06-01 00:00:01;1969-07-01 00:00:00;1969-06;15.4;Y
1969-07-01 00:00:01;1969-08-01 00:00:00;1969-07;16.5;Y
1969-08-01 00:00:01;1969-09-01 00:00:00;1969-08;15.7;Y
1969-09-01 00:00:01;1969-10-01 00:00:00;1969-09;11.7;Y
1969-10-01 00:00:01;1969-11-01 00:00:00;1969-10;7.1;Y
1969-11-01 00:00:01;1969-12-01 00:00:00;1969-11;0.8;Y
1969-12-01 00:00:01;1970-01-01 00:00:00;1969-12;-5.4;Y
1970-01-01 00:00:01;1970-02-01 00:00:00;1970-01;-7.6;Y
1970-02-01 00:00:01;1970-03-01 00:00:00;1970-02;-9.7;Y
1970-03-01 00:00:01;1970-04-01 00:00:00;1970-03;-2.5;Y
1970-04-01 00:00:01;1970-05-01 00:00:00;1970-04;1.2;Y
1970-05-01 00:00:01;1970-06-01 00:00:00;1970-05;8.9;Y
1970-06-01 00:00:01;1970-07-01 00:00:00;1970-06;15.9;Y
1970-07-01 00:00:01;1970-08-01 00:00:00;1970-07;14.0;Y
1970-08-01 00:00:01;1970-09-01 00:00:00;1970-08;14.1;Y
1970-09-01 00:00:01;1970-10-01 00:00:00;1970-09;9.8;Y
1970-10-01 00:00:01;1970-11-01 00:00:00;1970-10;6.0;Y
1970-11-01 00:00:01;1970-12-01 00:00:00;1970-11;0.5;Y
1970-12-01 00:00:01;1971-01-01 00:00:00;1970-12;-0.6;Y
1971-01-01 00:00:01;1971-02-01 00:00:00;1971-01;-2.1;Y
1971-02-01 00:00:01;1971-03-01 00:00:00;1971-02;-1.0;Y
1971-03-01 00:00:01;1971-04-01 00:00:00;1971-03;-2.2;Y
1971-04-01 00:00:01;1971-05-01 00:00:00;1971-04;3.3;Y
1971-05-01 00:00:01;1971-06-01 00:00:00;1971-05;10.7;Y
1971-06-01 00:00:01;1971-07-01 00:00:00;1971-06;12.7;Y
1971-07-01 00:00:01;1971-08-01 00:00:00;1971-07;15.6;Y
1971-08-01 00:00:01;1971-09-01 00:00:00;1971-08;14.1;Y
1971-09-01 00:00:01;1971-10-01 00:00:00;1971-09;9.1;Y
1971-10-01 00:00:01;1971-11-01 00:00:00;1971-10;6.3;Y
1971-11-01 00:00:01;1971-12-01 00:00:00;1971-11;0.7;Y
1971-12-01 00:00:01;1972-01-01 00:00:00;1971-12;1.6;Y
1972-01-01 00:00:01;1972-02-01 00:00:00;1972-01;-5.3;Y
1972-02-01 00:00:01;1972-03-01 00:00:00;1972-02;-1.6;Y
1972-03-01 00:00:01;1972-04-01 00:00:00;1972-03;0.4;Y
1972-04-01 00:00:01;1972-05-01 00:00:00;1972-04;4.1;Y
1972-05-01 00:00:01;1972-06-01 00:00:00;1972-05;8.6;Y
1972-06-01 00:00:01;1972-07-01 00:00:00;1972-06;13.7;Y
1972-07-01 00:00:01;1972-08-01 00:00:00;1972-07;16.6;Y
1972-08-01 00:00:01;1972-09-01 00:00:00;1972-08;13.8;Y
1972-09-01 00:00:01;1972-10-01 00:00:00;1972-09;8.6;Y
1972-10-01 00:00:01;1972-11-01 00:00:00;1972-10;5.8;Y
1972-11-01 00:00:01;1972-12-01 00:00:00;1972-11;2.6;Y
1972-12-01 00:00:01;1973-01-01 00:00:00;1972-12;2.2;Y
1973-01-01 00:00:01;1973-02-01 00:00:00;1973-01;-0.9;Y
1973-02-01 00:00:01;1973-03-01 00:00:00;1973-02;-0.7;Y
1973-03-01 00:00:01;1973-04-01 00:00:00;1973-03;2.8;Y
1973-04-01 00:00:01;1973-05-01 00:00:00;1973-04;2.7;Y
1973-05-01 00:00:01;1973-06-01 00:00:00;1973-05;9.6;Y
1973-06-01 00:00:01;1973-07-01 00:00:00;1973-06;14.5;Y
1973-07-01 00:00:01;1973-08-01 00:00:00;1973-07;17.1;Y
1973-08-01 00:00:01;1973-09-01 00:00:00;1973-08;14.5;Y
1973-09-01 00:00:01;1973-10-01 00:00:00;1973-09;10.2;Y
1973-10-01 00:00:01;1973-11-01 00:00:00;1973-10;3.4;Y
1973-11-01 00:00:01;1973-12-01 00:00:00;1973-11;-1.2;Y
1973-12-01 00:00:01;1974-01-01 00:00:00;1973-12;-2.1;Y
1974-01-01 00:00:01;1974-02-01 00:00:00;1974-01;0.1;Y
1974-02-01 00:00:01;1974-03-01 00:00:00;1974-02;0.5;Y
1974-03-01 00:00:01;1974-04-01 00:00:00;1974-03;0.7;Y
1974-04-01 00:00:01;1974-05-01 00:00:00;1974-04;5.6;Y
1974-05-01 00:00:01;1974-06-01 00:00:00;1974-05;9.0;Y
1974-06-01 00:00:01;1974-07-01 00:00:00;1974-06;13.2;Y
1974-07-01 00:00:01;1974-08-01 00:00:00;1974-07;13.9;Y
1974-08-01 00:00:01;1974-09-01 00:00:00;1974-08;14.2;Y
1974-09-01 00:00:01;1974-10-01 00:00:00;1974-09;11.3;Y
1974-10-01 00:00:01;1974-11-01 00:00:00;1974-10;4.1;Y
1974-11-01 00:00:01;1974-12-01 00:00:00;1974-11;2.7;Y
1974-12-01 00:00:01;1975-01-01 00:00:00;1974-12;1.0;Y
1975-01-01 00:00:01;1975-02-01 00:00:00;1975-01;1.3;Y
1975-02-01 00:00:01;1975-03-01 00:00:00;1975-02;-1.4;Y
1975-03-01 00:00:01;1975-04-01 00:00:00;1975-03;-0.5;Y
1975-04-01 00:00:01;1975-05-01 00:00:00;1975-04;3.1;Y
1975-05-01 00:00:01;1975-06-01 00:00:00;1975-05;10.1;Y
1975-06-01 00:00:01;1975-07-01 00:00:00;1975-06;13.2;Y
1975-07-01 00:00:01;1975-08-01 00:00:00;1975-07;17.0;Y
1975-08-01 00:00:01;1975-09-01 00:00:00;1975-08;18.1;Y
1975-09-01 00:00:01;1975-10-01 00:00:00;1975-09;12.4;Y
1975-10-01 00:00:01;1975-11-01 00:00:00;1975-10;7.0;Y
1975-11-01 00:00:01;1975-12-01 00:00:00;1975-11;1.8;Y
1975-12-01 00:00:01;1976-01-01 00:00:00;1975-12;1.1;Y
1976-01-01 00:00:01;1976-02-01 00:00:00;1976-01;-5.1;Y
1976-02-01 00:00:01;1976-03-01 00:00:00;1976-02;-2.1;Y
1976-03-01 00:00:01;1976-04-01 00:00:00;1976-03;-3.1;Y
1976-04-01 00:00:01;1976-05-01 00:00:00;1976-04;3.3;Y
1976-05-01 00:00:01;1976-06-01 00:00:00;1976-05;9.8;Y
1976-06-01 00:00:01;1976-07-01 00:00:00;1976-06;14.5;Y
1976-07-01 00:00:01;1976-08-01 00:00:00;1976-07;16.8;Y
1976-08-01 00:00:01;1976-09-01 00:00:00;1976-08;14.9;Y
1976-09-01 00:00:01;1976-10-01 00:00:00;1976-09;9.2;Y
1976-10-01 00:00:01;1976-11-01 00:00:00;1976-10;5.3;Y
1976-11-01 00:00:01;1976-12-01 00:00:00;1976-11;2.6;Y
1976-12-01 00:00:01;1977-01-01 00:00:00;1976-12;-4.1;Y
1977-01-01 00:00:01;1977-02-01 00:00:00;1977-01;-3.5;Y
1977-02-01 00:00:01;1977-03-01 00:00:00;1977-02;-4.7;Y
1977-03-01 00:00:01;1977-04-01 00:00:00;1977-03;0.5;Y
1977-04-01 00:00:01;1977-05-01 00:00:00;1977-04;1.9;Y
1977-05-01 00:00:01;1977-06-01 00:00:00;1977-05;9.6;Y
1977-06-01 00:00:01;1977-07-01 00:00:00;1977-06;14.3;Y
1977-07-01 00:00:01;1977-08-01 00:00:00;1977-07;14.1;Y
1977-08-01 00:00:01;1977-09-01 00:00:00;1977-08;13.7;Y
1977-09-01 00:00:01;1977-10-01 00:00:00;1977-09;8.6;Y
1977-10-01 00:00:01;1977-11-01 00:00:00;1977-10;7.7;Y
1977-11-01 00:00:01;1977-12-01 00:00:00;1977-11;2.2;Y
1977-12-01 00:00:01;1978-01-01 00:00:00;1977-12;-0.4;Y
1978-01-01 00:00:01;1978-02-01 00:00:00;1978-01;-1.8;Y
1978-02-01 00:00:01;1978-03-01 00:00:00;1978-02;-5.7;Y
1978-03-01 00:00:01;1978-04-01 00:00:00;1978-03;-1.1;Y
1978-04-01 00:00:01;1978-05-01 00:00:00;1978-04;2.7;Y
1978-05-01 00:00:01;1978-06-01 00:00:00;1978-05;9.7;Y
1978-06-01 00:00:01;1978-07-01 00:00:00;1978-06;14.1;Y
1978-07-01 00:00:01;1978-08-01 00:00:00;1978-07;14.1;Y
1978-08-01 00:00:01;1978-09-01 00:00:00;1978-08;13.7;Y
1978-09-01 00:00:01;1978-10-01 00:00:00;1978-09;9.0;Y
1978-10-01 00:00:01;1978-11-01 00:00:00;1978-10;7.2;Y
1978-11-01 00:00:01;1978-12-01 00:00:00;1978-11;4.8;Y
1978-12-01 00:00:01;1979-01-01 00:00:00;1978-12;-5.7;Y
1979-01-01 00:00:01;1979-02-01 00:00:00;1979-01;-6.5;Y
1979-02-01 00:00:01;1979-03-01 00:00:00;1979-02;-6.9;Y
1979-03-01 00:00:01;1979-04-01 00:00:00;1979-03;-1.3;Y
1979-04-01 00:00:01;1979-05-01 00:00:00;1979-04;3.1;Y
1979-05-01 00:00:01;1979-06-01 00:00:00;1979-05;10.1;Y
1979-06-01 00:00:01;1979-07-01 00:00:00;1979-06;15.4;Y
1979-07-01 00:00:01;1979-08-01 00:00:00;1979-07;13.5;Y
1979-08-01 00:00:01;1979-09-01 00:00:00;1979-08;13.2;Y
1979-09-01 00:00:01;1979-10-01 00:00:00;1979-09;9.9;Y
1979-10-01 00:00:01;1979-11-01 00:00:00;1979-10;3.8;Y
1979-11-01 00:00:01;1979-12-01 00:00:00;1979-11;1.9;Y
1979-12-01 00:00:01;1980-01-01 00:00:00;1979-12;-2.2;Y
1980-01-01 00:00:01;1980-02-01 00:00:00;1980-01;-5.4;Y
1980-02-01 00:00:01;1980-03-01 00:00:00;1980-02;-7.5;Y
1980-03-01 00:00:01;1980-04-01 00:00:00;1980-03;-3.8;Y
1980-04-01 00:00:01;1980-05-01 00:00:00;1980-04;3.4;Y
1980-05-01 00:00:01;1980-06-01 00:00:00;1980-05;8.0;Y
1980-06-01 00:00:01;1980-07-01 00:00:00;1980-06;14.3;Y
1980-07-01 00:00:01;1980-08-01 00:00:00;1980-07;14.7;Y
1980-08-01 00:00:01;1980-09-01 00:00:00;1980-08;13.4;Y
1980-09-01 00:00:01;1980-10-01 00:00:00;1980-09;10.9;Y
1980-10-01 00:00:01;1980-11-01 00:00:00;1980-10;4.6;Y
1980-11-01 00:00:01;1980-12-01 00:00:00;1980-11;-0.3;Y
1980-12-01 00:00:01;1981-01-01 00:00:00;1980-12;-0.3;Y
1981-01-01 00:00:01;1981-02-01 00:00:00;1981-01;-4.1;Y
1981-02-01 00:00:01;1981-03-01 00:00:00;1981-02;-2.3;Y
1981-03-01 00:00:01;1981-04-01 00:00:00;1981-03;-1.2;Y
1981-04-01 00:00:01;1981-05-01 00:00:00;1981-04;3.7;Y
1981-05-01 00:00:01;1981-06-01 00:00:00;1981-05;11.0;Y
1981-06-01 00:00:01;1981-07-01 00:00:00;1981-06;12.3;Y
1981-07-01 00:00:01;1981-08-01 00:00:00;1981-07;14.4;Y
1981-08-01 00:00:01;1981-09-01 00:00:00;1981-08;13.7;Y
1981-09-01 00:00:01;1981-10-01 00:00:00;1981-09;10.9;Y
1981-10-01 00:00:01;1981-11-01 00:00:00;1981-10;4.8;Y
1981-11-01 00:00:01;1981-12-01 00:00:00;1981-11;0.6;Y
1981-12-01 00:00:01;1982-01-01 00:00:00;1981-12;-8.3;Y
1982-01-01 00:00:01;1982-02-01 00:00:00;1982-01;-7.7;Y
1982-02-01 00:00:01;1982-03-01 00:00:00;1982-02;-4.5;Y
1982-03-01 00:00:01;1982-04-01 00:00:00;1982-03;1.6;Y
1982-04-01 00:00:01;1982-05-01 00:00:00;1982-04;4.4;Y
1982-05-01 00:00:01;1982-06-01 00:00:00;1982-05;9.2;Y
1982-06-01 00:00:01;1982-07-01 00:00:00;1982-06;12.2;Y
1982-07-01 00:00:01;1982-08-01 00:00:00;1982-07;17.0;Y
1982-08-01 00:00:01;1982-09-01 00:00:00;1982-08;15.5;Y
1982-09-01 00:00:01;1982-10-01 00:00:00;1982-09;11.7;Y
1982-10-01 00:00:01;1982-11-01 00:00:00;1982-10;7.3;Y
1982-11-01 00:00:01;1982-12-01 00:00:00;1982-11;3.7;Y
1982-12-01 00:00:01;1983-01-01 00:00:00;1982-12;-0.4;Y
1983-01-01 00:00:01;1983-02-01 00:00:00;1983-01;1.8;Y
1983-02-01 00:00:01;1983-03-01 00:00:00;1983-02;-4.7;Y
1983-03-01 00:00:01;1983-04-01 00:00:00;1983-03;0.9;Y
1983-04-01 00:00:01;1983-05-01 00:00:00;1983-04;4.6;Y
1983-05-01 00:00:01;1983-06-01 00:00:00;1983-05;9.5;Y
1983-06-01 00:00:01;1983-07-01 00:00:00;1983-06;13.2;Y
1983-07-01 00:00:01;1983-08-01 00:00:00;1983-07;16.9;Y
1983-08-01 00:00:01;1983-09-01 00:00:00;1983-08;15.9;Y
1983-09-01 00:00:01;1983-10-01 00:00:00;1983-09;10.8;Y
1983-10-01 00:00:01;1983-11-01 00:00:00;1983-10;6.6;Y
1983-11-01 00:00:01;1983-12-01 00:00:00;1983-11;0.7;Y
1983-12-01 00:00:01;1984-01-01 00:00:00;1983-12;-1.2;Y
1984-01-01 00:00:01;1984-02-01 00:00:00;1984-01;-2.5;Y
1984-02-01 00:00:01;1984-03-01 00:00:00;1984-02;-3.2;Y
1984-03-01 00:00:01;1984-04-01 00:00:00;1984-03;-2.4;Y
1984-04-01 00:00:01;1984-05-01 00:00:00;1984-04;4.9;Y
1984-05-01 00:00:01;1984-06-01 00:00:00;1984-05;10.4;Y
1984-06-01 00:00:01;1984-07-01 00:00:00;1984-06;12.6;Y
1984-07-01 00:00:01;1984-08-01 00:00:00;1984-07;15.1;Y
1984-08-01 00:00:01;1984-09-01 00:00:00;1984-08;15.3;Y
1984-09-01 00:00:01;1984-10-01 00:00:00;1984-09;9.2;Y
1984-10-01 00:00:01;1984-11-01 00:00:00;1984-10;8.5;Y
1984-11-01 00:00:01;1984-12-01 00:00:00;1984-11;3.5;Y
1984-12-01 00:00:01;1985-01-01 00:00:00;1984-12;0.4;Y
1985-01-01 00:00:01;1985-02-01 00:00:00;1985-01;-8.1;Y
1985-02-01 00:00:01;1985-03-01 00:00:00;1985-02;-10.6;Y
1985-03-01 00:00:01;1985-04-01 00:00:00;1985-03;-1.1;Y
1985-04-01 00:00:01;1985-05-01 00:00:00;1985-04;1.6;Y
1985-05-01 00:00:01;1985-06-01 00:00:00;1985-05;10.2;Y
1985-06-01 00:00:01;1985-07-01 00:00:00;1985-06;12.7;Y
1985-07-01 00:00:01;1985-08-01 00:00:00;1985-07;15.0;Y
1985-08-01 00:00:01;1985-09-01 00:00:00;1985-08;14.0;Y
1985-09-01 00:00:01;1985-10-01 00:00:00;1985-09;9.2;Y
1985-10-01 00:00:01;1985-11-01 00:00:00;1985-10;7.7;Y
1985-11-01 00:00:01;1985-12-01 00:00:00;1985-11;-1.0;Y
1985-12-01 00:00:01;1986-01-01 00:00:00;1985-12;-2.9;Y
1986-01-01 00:00:01;1986-02-01 00:00:00;1986-01;-5.2;Y
1986-02-01 00:00:01;1986-03-01 00:00:00;1986-02;-9.2;Y
1986-03-01 00:00:01;1986-04-01 00:00:00;1986-03;0.0;Y
1986-04-01 00:00:01;1986-05-01 00:00:00;1986-04;1.8;Y
1986-05-01 00:00:01;1986-06-01 00:00:00;1986-05;11.1;Y
1986-06-01 00:00:01;1986-07-01 00:00:00;1986-06;14.7;Y
1986-07-01 00:00:01;1986-08-01 00:00:00;1986-07;15.0;Y
1986-08-01 00:00:01;1986-09-01 00:00:00;1986-08;12.5;Y
1986-09-01 00:00:01;1986-10-01 00:00:00;1986-09;7.4;Y
1986-10-01 00:00:01;1986-11-01 00:00:00;1986-10;6.3;Y
1986-11-01 00:00:01;1986-12-01 00:00:00;1986-11;4.4;Y
1986-12-01 00:00:01;1987-01-01 00:00:00;1986-12;-1.8;Y
1987-01-01 00:00:01;1987-02-01 00:00:00;1987-01;-10.8;Y
1987-02-01 00:00:01;1987-03-01 00:00:00;1987-02;-4.3;Y
1987-03-01 00:00:01;1987-04-01 00:00:00;1987-03;-6.3;Y
1987-04-01 00:00:01;1987-05-01 00:00:00;1987-04;4.6;Y
1987-05-01 00:00:01;1987-06-01 00:00:00;1987-05;7.7;Y
1987-06-01 00:00:01;1987-07-01 00:00:00;1987-06;10.9;Y
1987-07-01 00:00:01;1987-08-01 00:00:00;1987-07;14.1;Y
1987-08-01 00:00:01;1987-09-01 00:00:00;1987-08;11.9;Y
1987-09-01 00:00:01;1987-10-01 00:00:00;1987-09;9.3;Y
1987-10-01 00:00:01;1987-11-01 00:00:00;1987-10;7.0;Y
1987-11-01 00:00:01;1987-12-01 00:00:00;1987-11;1.2;Y
1987-12-01 00:00:01;1988-01-01 00:00:00;1987-12;-1.7;Y
1988-01-01 00:00:01;1988-02-01 00:00:00;1988-01;0.4;Y
1988-02-01 00:00:01;1988-03-01 00:00:00;1988-02;-0.7;Y
1988-03-01 00:00:01;1988-04-01 00:00:00;1988-03;-2.6;Y
1988-04-01 00:00:01;1988-05-01 00:00:00;1988-04;3.0;Y
1988-05-01 00:00:01;1988-06-01 00:00:00;1988-05;11.2;Y
1988-06-01 00:00:01;1988-07-01 00:00:00;1988-06;15.6;Y
1988-07-01 00:00:01;1988-08-01 00:00:00;1988-07;15.2;Y
1988-08-01 00:00:01;1988-09-01 00:00:00;1988-08;13.9;Y
1988-09-01 00:00:01;1988-10-01 00:00:00;1988-09;11.4;Y
1988-10-01 00:00:01;1988-11-01 00:00:00;1988-10;5.0;Y
1988-11-01 00:00:01;1988-12-01 00:00:00;1988-11;-1.5;Y
1988-12-01 00:00:01;1989-01-01 00:00:00;1988-12;-1.9;Y
1989-01-01 00:00:01;1989-02-01 00:00:00;1989-01;3.1;Y
1989-02-01 00:00:01;1989-03-01 00:00:00;1989-02;2.5;Y
1989-03-01 00:00:01;1989-04-01 00:00:00;1989-03;3.4;Y
1989-04-01 00:00:01;1989-05-01 00:00:00;1989-04;5.1;Y
1989-05-01 00:00:01;1989-06-01 00:00:00;1989-05;11.1;Y
1989-06-01 00:00:01;1989-07-01 00:00:00;1989-06;14.3;Y
1989-07-01 00:00:01;1989-08-01 00:00:00;1989-07;16.7;Y
1989-08-01 00:00:01;1989-09-01 00:00:00;1989-08;14.2;Y
1989-09-01 00:00:01;1989-10-01 00:00:00;1989-09;11.3;Y
1989-10-01 00:00:01;1989-11-01 00:00:00;1989-10;7.3;Y
1989-11-01 00:00:01;1989-12-01 00:00:00;1989-11;1.7;Y
1989-12-01 00:00:01;1990-01-01 00:00:00;1989-12;-1.0;Y
1990-01-01 00:00:01;1990-02-01 00:00:00;1990-01;1.9;Y
1990-02-01 00:00:01;1990-03-01 00:00:00;1990-02;4.0;Y
1990-03-01 00:00:01;1990-04-01 00:00:00;1990-03;4.2;Y
1990-04-01 00:00:01;1990-05-01 00:00:00;1990-04;6.4;Y
1990-05-01 00:00:01;1990-06-01 00:00:00;1990-05;11.6;Y
1990-06-01 00:00:01;1990-07-01 00:00:00;1990-06;14.5;Y
1990-07-01 00:00:01;1990-08-01 00:00:00;1990-07;15.1;Y
1990-08-01 00:00:01;1990-09-01 00:00:00;1990-08;15.5;Y
1990-09-01 00:00:01;1990-10-01 00:00:00;1990-09;9.0;Y
1990-10-01 00:00:01;1990-11-01 00:00:00;1990-10;6.1;Y
1990-11-01 00:00:01;1990-12-01 00:00:00;1990-11;0.9;Y
1990-12-01 00:00:01;1991-01-01 00:00:00;1990-12;-0.4;Y
1991-01-01 00:00:01;1991-02-01 00:00:00;1991-01;-1.3;Y
1991-02-01 00:00:01;1991-03-01 00:00:00;1991-02;-3.9;Y
1991-03-01 00:00:01;1991-04-01 00:00:00;1991-03;2.2;Y
1991-04-01 00:00:01;1991-05-01 00:00:00;1991-04;4.5;Y
1991-05-01 00:00:01;1991-06-01 00:00:00;1991-05;7.8;Y
1991-06-01 00:00:01;1991-07-01 00:00:00;1991-06;10.3;Y
1991-07-01 00:00:01;1991-08-01 00:00:00;1991-07;17.0;Y
1991-08-01 00:00:01;1991-09-01 00:00:00;1991-08;15.4;Y
1991-09-01 00:00:01;1991-10-01 00:00:00;1991-09;10.6;Y
1991-10-01 00:00:01;1991-11-01 00:00:00;1991-10;5.7;Y
1991-11-01 00:00:01;1991-12-01 00:00:00;1991-11;2.6;Y
1991-12-01 00:00:01;1992-01-01 00:00:00;1991-12;0.5;Y
1992-01-01 00:00:01;1992-02-01 00:00:00;1992-01;-0.1;Y
1992-02-01 00:00:01;1992-03-01 00:00:00;1992-02;0.3;Y
1992-03-01 00:00:01;1992-04-01 00:00:00;1992-03;1.9;Y
1992-04-01 00:00:01;1992-05-01 00:00:00;1992-04;3.2;Y
1992-05-01 00:00:01;1992-06-01 00:00:00;1992-05;12.0;Y
1992-06-01 00:00:01;1992-07-01 00:00:00;1992-06;15.9;Y
1992-07-01 00:00:01;1992-08-01 00:00:00;1992-07;16.1;Y
1992-08-01 00:00:01;1992-09-01 00:00:00;1992-08;14.3;Y
1992-09-01 00:00:01;1992-10-01 00:00:00;1992-09;10.0;Y
1992-10-01 00:00:01;1992-11-01 00:00:00;1992-10;2.4;Y
1992-11-01 00:00:01;1992-12-01 00:00:00;1992-11;1.5;Y
1992-12-01 00:00:01;1993-01-01 00:00:00;1992-12;-0.7;Y
1993-01-01 00:00:01;1993-02-01 00:00:00;1993-01;-1.4;Y
1993-02-01 00:00:01;1993-03-01 00:00:00;1993-02;-1.4;Y
1993-03-01 00:00:01;1993-04-01 00:00:00;1993-03;0.2;Y
1993-04-01 00:00:01;1993-05-01 00:00:00;1993-04;4.8;Y
1993-05-01 00:00:01;1993-06-01 00:00:00;1993-05;11.9;Y
1993-06-01 00:00:01;1993-07-01 00:00:00;1993-06;11.9;Y
1993-07-01 00:00:01;1993-08-01 00:00:00;1993-07;13.0;Y
1993-08-01 00:00:01;1993-09-01 00:00:00;1993-08;11.9;Y
1993-09-01 00:00:01;1993-10-01 00:00:00;1993-09;7.5;Y
1993-10-01 00:00:01;1993-11-01 00:00:00;1993-10;4.5;Y
1993-11-01 00:00:01;1993-12-01 00:00:00;1993-11;-0.3;Y
1993-12-01 00:00:01;1994-01-01 00:00:00;1993-12;-0.8;Y
1994-01-01 00:00:01;1994-02-01 00:00:00;1994-01;-1.5;Y
1994-02-01 00:00:01;1994-03-01 00:00:00;1994-02;-7.5;Y
1994-03-01 00:00:01;1994-04-01 00:00:00;1994-03;-0.0;Y
1994-04-01 00:00:01;1994-05-01 00:00:00;1994-04;5.5;Y
1994-05-01 00:00:01;1994-06-01 00:00:00;1994-05;8.8;Y
1994-06-01 00:00:01;1994-07-01 00:00:00;1994-06;12.1;Y
1994-07-01 00:00:01;1994-08-01 00:00:00;1994-07;19.1;Y
1994-08-01 00:00:01;1994-09-01 00:00:00;1994-08;15.3;Y
1994-09-01 00:00:01;1994-10-01 00:00:00;1994-09;10.3;Y
1994-10-01 00:00:01;1994-11-01 00:00:00;1994-10;4.6;Y
1994-11-01 00:00:01;1994-12-01 00:00:00;1994-11;2.4;Y
1994-12-01 00:00:01;1995-01-01 00:00:00;1994-12;0.9;Y
1995-01-01 00:00:01;1995-02-01 00:00:00;1995-01;-3.5;Y
1995-02-01 00:00:01;1995-03-01 00:00:00;1995-02;0.4;Y
1995-03-01 00:00:01;1995-04-01 00:00:00;1995-03;0.5;Y
1995-04-01 00:00:01;1995-05-01 00:00:00;1995-04;3.3;Y
1995-05-01 00:00:01;1995-06-01 00:00:00;1995-05;8.2;Y
1995-06-01 00:00:01;1995-07-01 00:00:00;1995-06;13.1;Y
1995-07-01 00:00:01;1995-08-01 00:00:00;1995-07;15.8;Y
1995-08-01 00:00:01;1995-09-01 00:00:00;1995-08;16.1;Y
1995-09-01 00:00:01;1995-10-01 00:00:00;1995-09;10.6;Y
1995-10-01 00:00:01;1995-11-01 00:00:00;1995-10;9.0;Y
1995-11-01 00:00:01;1995-12-01 00:00:00;1995-11;-0.8;Y
1995-12-01 00:00:01;1996-01-01 00:00:00;1995-12;-5.4;Y
1996-01-01 00:00:01;1996-02-01 00:00:00;1996-01;-4.0;Y
1996-02-01 00:00:01;1996-03-01 00:00:00;1996-02;-7.3;Y
1996-03-01 00:00:01;1996-04-01 00:00:00;1996-03;-2.4;Y
1996-04-01 00:00:01;1996-05-01 00:00:00;1996-04;4.8;Y
1996-05-01 00:00:01;1996-06-01 00:00:00;1996-05;6.8;Y
1996-06-01 00:00:01;1996-07-01 00:00:00;1996-06;13.3;Y
1996-07-01 00:00:01;1996-08-01 00:00:00;1996-07;13.5;Y
1996-08-01 00:00:01;1996-09-01 00:00:00;1996-08;16.5;Y
1996-09-01 00:00:01;1996-10-01 00:00:00;1996-09;8.5;Y
1996-10-01 00:00:01;1996-11-01 00:00:00;1996-10;7.6;Y
1996-11-01 00:00:01;1996-12-01 00:00:00;1996-11;2.7;Y
1996-12-01 00:00:01;1997-01-01 00:00:00;1996-12;-4.8;Y
1997-01-01 00:00:01;1997-02-01 00:00:00;1997-01;-3.9;Y
1997-02-01 00:00:01;1997-03-01 00:00:00;1997-02;-0.3;Y
1997-03-01 00:00:01;1997-04-01 00:00:00;1997-03;1.1;Y
1997-04-01 00:00:01;1997-05-01 00:00:00;1997-04;3.1;Y
1997-05-01 00:00:01;1997-06-01 00:00:00;1997-05;8.5;Y
1997-06-01 00:00:01;1997-07-01 00:00:00;1997-06;14.6;Y
1997-07-01 00:00:01;1997-08-01 00:00:00;1997-07;16.7;Y
1997-08-01 00:00:01;1997-09-01 00:00:00;1997-08;19.0;Y
1997-09-01 00:00:01;1997-10-01 00:00:00;1997-09;11.5;Y
1997-10-01 00:00:01;1997-11-01 00:00:00;1997-10;4.0;Y
1997-11-01 00:00:01;1997-12-01 00:00:00;1997-11;1.1;Y
1997-12-01 00:00:01;1998-01-01 00:00:00;1997-12;-0.9;Y
1998-01-01 00:00:01;1998-02-01 00:00:00;1998-01;-0.6;Y
1998-02-01 00:00:01;1998-03-01 00:00:00;1998-02;2.5;Y
1998-03-01 00:00:01;1998-04-01 00:00:00;1998-03;-0.3;Y
1998-04-01 00:00:01;1998-05-01 00:00:00;1998-04;3.9;Y
1998-05-01 00:00:01;1998-06-01 00:00:00;1998-05;10.2;Y
1998-06-01 00:00:01;1998-07-01 00:00:00;1998-06;12.4;Y
1998-07-01 00:00:01;1998-08-01 00:00:00;1998-07;14.0;Y
1998-08-01 00:00:01;1998-09-01 00:00:00;1998-08;12.7;Y
1998-09-01 00:00:01;1998-10-01 00:00:00;1998-09;11.4;Y
1998-10-01 00:00:01;1998-11-01 00:00:00;1998-10;5.7;Y
1998-11-01 00:00:01;1998-12-01 00:00:00;1998-11;-2.2;Y
1998-12-01 00:00:01;1999-01-01 00:00:00;1998-12;-2.2;Y
1999-01-01 00:00:01;1999-02-01 00:00:00;1999-01;-1.8;Y
1999-02-01 00:00:01;1999-03-01 00:00:00;1999-02;-2.2;Y
1999-03-01 00:00:01;1999-04-01 00:00:00;1999-03;0.7;Y
1999-04-01 00:00:01;1999-05-01 00:00:00;1999-04;5.8;Y
1999-05-01 00:00:01;1999-06-01 00:00:00;1999-05;8.4;Y
1999-06-01 00:00:01;1999-07-01 00:00:00;1999-06;13.5;Y
1999-07-01 00:00:01;1999-08-01 00:00:00;1999-07;16.5;Y
1999-08-01 00:00:01;1999-09-01 00:00:00;1999-08;14.4;Y
1999-09-01 00:00:01;1999-10-01 00:00:00;1999-09;13.4;Y
1999-10-01 00:00:01;1999-11-01 00:00:00;1999-10;6.3;Y
1999-11-01 00:00:01;1999-12-01 00:00:00;1999-11;3.3;Y
1999-12-01 00:00:01;2000-01-01 00:00:00;1999-12;-2.0;Y
2000-01-01 00:00:01;2000-02-01 00:00:00;2000-01;-0.5;Y
2000-02-01 00:00:01;2000-03-01 00:00:00;2000-02;0.2;Y
2000-03-01 00:00:01;2000-04-01 00:00:00;2000-03;0.3;Y
2000-04-01 00:00:01;2000-05-01 00:00:00;2000-04;6.5;Y
2000-05-01 00:00:01;2000-06-01 00:00:00;2000-05;11.6;Y
2000-06-01 00:00:01;2000-07-01 00:00:00;2000-06;13.0;Y
2000-07-01 00:00:01;2000-08-01 00:00:00;2000-07;14.0;Y
2000-08-01 00:00:01;2000-09-01 00:00:00;2000-08;13.8;Y
2000-09-01 00:00:01;2000-10-01 00:00:00;2000-09;9.3;Y
2000-10-01 00:00:01;2000-11-01 00:00:00;2000-10;9.2;Y
2000-11-01 00:00:01;2000-12-01 00:00:00;2000-11;5.3;Y
2000-12-01 00:00:01;2001-01-01 00:00:00;2000-12;1.2;Y
2001-01-01 00:00:01;2001-02-01 00:00:00;2001-01;-1.5;Y
2001-02-01 00:00:01;2001-03-01 00:00:00;2001-02;-3.8;Y
2001-03-01 00:00:01;2001-04-01 00:00:00;2001-03;-2.4;Y
2001-04-01 00:00:01;2001-05-01 00:00:00;2001-04;3.8;Y
2001-05-01 00:00:01;2001-06-01 00:00:00;2001-05;10.0;Y
2001-06-01 00:00:01;2001-07-01 00:00:00;2001-06;12.6;Y
2001-07-01 00:00:01;2001-08-01 00:00:00;2001-07;17.1;Y
2001-08-01 00:00:01;2001-09-01 00:00:00;2001-08;15.2;Y
2001-09-01 00:00:01;2001-10-01 00:00:00;2001-09;10.2;Y
2001-10-01 00:00:01;2001-11-01 00:00:00;2001-10;9.1;Y
2001-11-01 00:00:01;2001-12-01 00:00:00;2001-11;1.3;Y
2001-12-01 00:00:01;2002-01-01 00:00:00;2001-12;-3.4;Y
2002-01-01 00:00:01;2002-02-01 00:00:00;2002-01;-0.5;Y
2002-02-01 00:00:01;2002-03-01 00:00:00;2002-02;1.4;Y
2002-03-01 00:00:01;2002-04-01 00:00:00;2002-03;1.5;Y
2002-04-01 00:00:01;2002-05-01 00:00:00;2002-04;5.4;Y
2002-05-01 00:00:01;2002-06-01 00:00:00;2002-05;11.2;Y
2002-06-01 00:00:01;2002-07-01 00:00:00;2002-06;14.4;Y
2002-07-01 00:00:01;2002-08-01 00:00:00;2002-07;16.5;Y
2002-08-01 00:00:01;2002-09-01 00:00:00;2002-08;17.5;Y
2002-09-01 00:00:01;2002-10-01 00:00:00;2002-09;11.1;Y
2002-10-01 00:00:01;2002-11-01 00:00:00;2002-10;3.2;Y
2002-11-01 00:00:01;2002-12-01 00:00:00;2002-11;-0.1;Y
2002-12-01 00:00:01;2003-01-01 00:00:00;2002-12;-5.0;Y
2003-01-01 00:00:01;2003-02-01 00:00:00;2003-01;-4.0;Y
2003-02-01 00:00:01;2003-03-01 00:00:00;2003-02;-5.5;Y
2003-03-01 00:00:01;2003-04-01 00:00:00;2003-03;1.2;Y
2003-04-01 00:00:01;2003-05-01 00:00:00;2003-04;3.8;Y
2003-05-01 00:00:01;2003-06-01 00:00:00;2003-05;10.2;Y
2003-06-01 00:00:01;2003-07-01 00:00:00;2003-06;14.3;Y
2003-07-01 00:00:01;2003-08-01 00:00:00;2003-07;16.9;Y
2003-08-01 00:00:01;2003-09-01 00:00:00;2003-08;15.1;Y
2003-09-01 00:00:01;2003-10-01 00:00:00;2003-09;11.4;Y
2003-10-01 00:00:01;2003-11-01 00:00:00;2003-10;3.1;Y
2003-11-01 00:00:01;2003-12-01 00:00:00;2003-11;3.3;Y
2003-12-01 00:00:01;2004-01-01 00:00:00;2003-12;0.6;Y
2004-01-01 00:00:01;2004-02-01 00:00:00;2004-01;-5.4;Y
2004-02-01 00:00:01;2004-03-01 00:00:00;2004-02;-1.6;Y
2004-03-01 00:00:01;2004-04-01 00:00:00;2004-03;0.5;Y
2004-04-01 00:00:01;2004-05-01 00:00:00;2004-04;5.9;Y
2004-05-01 00:00:01;2004-06-01 00:00:00;2004-05;10.0;Y
2004-06-01 00:00:01;2004-07-01 00:00:00;2004-06;12.3;Y
2004-07-01 00:00:01;2004-08-01 00:00:00;2004-07;13.8;Y
2004-08-01 00:00:01;2004-09-01 00:00:00;2004-08;16.1;Y
2004-09-01 00:00:01;2004-10-01 00:00:00;2004-09;11.6;Y
2004-10-01 00:00:01;2004-11-01 00:00:00;2004-10;6.4;Y
2004-11-01 00:00:01;2004-12-01 00:00:00;2004-11;0.9;Y
2004-12-01 00:00:01;2005-01-01 00:00:00;2004-12;1.4;Y
2005-01-01 00:00:01;2005-02-01 00:00:00;2005-01;0.3;Y
2005-02-01 00:00:01;2005-03-01 00:00:00;2005-02;-2.6;Y
2005-03-01 00:00:01;2005-04-01 00:00:00;2005-03;-2.0;Y
2005-04-01 00:00:01;2005-05-01 00:00:00;2005-04;5.5;Y
2005-05-01 00:00:01;2005-06-01 00:00:00;2005-05;9.8;Y
2005-06-01 00:00:01;2005-07-01 00:00:00;2005-06;13.4;Y
2005-07-01 00:00:01;2005-08-01 00:00:00;2005-07;17.0;Y
2005-08-01 00:00:01;2005-09-01 00:00:00;2005-08;14.9;Y
2005-09-01 00:00:01;2005-10-01 00:00:00;2005-09;11.8;Y
2005-10-01 00:00:01;2005-11-01 00:00:00;2005-10;6.8;Y
2005-11-01 00:00:01;2005-12-01 00:00:00;2005-11;3.0;Y
2005-12-01 00:00:01;2006-01-01 00:00:00;2005-12;-1.0;Y
2006-01-01 00:00:01;2006-02-01 00:00:00;2006-01;-5.2;Y
2006-02-01 00:00:01;2006-03-01 00:00:00;2006-02;-4.1;Y
2006-03-01 00:00:01;2006-04-01 00:00:00;2006-03;-5.1;Y
2006-04-01 00:00:01;2006-05-01 00:00:00;2006-04;3.9;Y
2006-05-01 00:00:01;2006-06-01 00:00:00;2006-05;9.7;Y
2006-06-01 00:00:01;2006-07-01 00:00:00;2006-06;15.1;Y
2006-07-01 00:00:01;2006-08-01 00:00:00;2006-07;18.9;Y
2006-08-01 00:00:01;2006-09-01 00:00:00;2006-08;15.4;Y
2006-09-01 00:00:01;2006-10-01 00:00:00;2006-09;13.7;Y
2006-10-01 00:00:01;2006-11-01 00:00:00;2006-10;9.1;Y
2006-11-01 00:00:01;2006-12-01 00:00:00;2006-11;4.4;Y
2006-12-01 00:00:01;2007-01-01 00:00:00;2006-12;3.8;Y
2007-01-01 00:00:01;2007-02-01 00:00:00;2007-01;0.5;Y
2007-02-01 00:00:01;2007-03-01 00:00:00;2007-02;-2.5;Y
2007-03-01 00:00:01;2007-04-01 00:00:00;2007-03;3.3;Y
2007-04-01 00:00:01;2007-05-01 00:00:00;2007-04;7.0;Y
2007-05-01 00:00:01;2007-06-01 00:00:00;2007-05;10.1;Y
2007-06-01 00:00:01;2007-07-01 00:00:00;2007-06;14.9;Y
2007-07-01 00:00:01;2007-08-01 00:00:00;2007-07;14.4;Y
2007-08-01 00:00:01;2007-09-01 00:00:00;2007-08;14.7;Y
2007-09-01 00:00:01;2007-10-01 00:00:00;2007-09;10.4;Y
2007-10-01 00:00:01;2007-11-01 00:00:00;2007-10;4.9;Y
2007-11-01 00:00:01;2007-12-01 00:00:00;2007-11;1.0;Y
2007-12-01 00:00:01;2008-01-01 00:00:00;2007-12;0.9;Y
2008-01-01 00:00:01;2008-02-01 00:00:00;2008-01;1.1;Y
2008-02-01 00:00:01;2008-03-01 00:00:00;2008-02;1.8;Y
2008-03-01 00:00:01;2008-04-01 00:00:00;2008-03;-0.1;Y
2008-04-01 00:00:01;2008-05-01 00:00:00;2008-04;5.8;Y
2008-05-01 00:00:01;2008-06-01 00:00:00;2008-05;11.2;Y
2008-06-01 00:00:01;2008-07-01 00:00:00;2008-06;13.9;Y
2008-07-01 00:00:01;2008-08-01 00:00:00;2008-07;16.7;Y
2008-08-01 00:00:01;2008-09-01 00:00:00;2008-08;14.4;Y
2008-09-01 00:00:01;2008-10-01 00:00:00;2008-09;10.3;Y
2008-10-01 00:00:01;2008-11-01 00:00:00;2008-10;7.1;Y
2008-11-01 00:00:01;2008-12-01 00:00:00;2008-11;2.2;Y
2008-12-01 00:00:01;2009-01-01 00:00:00;2008-12;0.0;Y
2009-01-01 00:00:01;2009-02-01 00:00:00;2009-01;-1.9;Y
2009-02-01 00:00:01;2009-03-01 00:00:00;2009-02;-3.4;Y
2009-03-01 00:00:01;2009-04-01 00:00:00;2009-03;0.7;Y
2009-04-01 00:00:01;2009-05-01 00:00:00;2009-04;8.1;Y
2009-05-01 00:00:01;2009-06-01 00:00:00;2009-05;10.0;Y
2009-06-01 00:00:01;2009-07-01 00:00:00;2009-06;12.8;Y
2009-07-01 00:00:01;2009-08-01 00:00:00;2009-07;16.3;Y
2009-08-01 00:00:01;2009-09-01 00:00:00;2009-08;15.5;Y
2009-09-01 00:00:01;2009-10-01 00:00:00;2009-09;11.8;Y
2009-10-01 00:00:01;2009-11-01 00:00:00;2009-10;4.3;Y
2009-11-01 00:00:01;2009-12-01 00:00:00;2009-11;4.6;Y
2009-12-01 00:00:01;2010-01-01 00:00:00;2009-12;-3.2;Y
2010-01-01 00:00:01;2010-02-01 00:00:00;2010-01;-7.7;Y
2010-02-01 00:00:01;2010-03-01 00:00:00;2010-02;-5.6;Y
2010-03-01 00:00:01;2010-04-01 00:00:00;2010-03;-1.1;Y
2010-04-01 00:00:01;2010-05-01 00:00:00;2010-04;5.4;Y
2010-05-01 00:00:01;2010-06-01 00:00:00;2010-05;8.9;Y
2010-06-01 00:00:01;2010-07-01 00:00:00;2010-06;13.6;Y
2010-07-01 00:00:01;2010-08-01 00:00:00;2010-07;18.3;Y
2010-08-01 00:00:01;2010-09-01 00:00:00;2010-08;15.2;Y
2010-09-01 00:00:01;2010-10-01 00:00:00;2010-09;10.4;Y
2010-10-01 00:00:01;2010-11-01 00:00:00;2010-10;5.0;Y
2010-11-01 00:00:01;2010-12-01 00:00:00;2010-11;-0.3;Y
2010-12-01 00:00:01;2011-01-01 00:00:00;2010-12;-8.0;Y
2011-01-01 00:00:01;2011-02-01 00:00:00;2011-01;-2.9;Y
2011-02-01 00:00:01;2011-03-01 00:00:00;2011-02;-4.6;Y
2011-03-01 00:00:01;2011-04-01 00:00:00;2011-03;0.3;Y
2011-04-01 00:00:01;2011-05-01 00:00:00;2011-04;8.7;Y
2011-05-01 00:00:01;2011-06-01 00:00:00;2011-05;10.1;Y
2011-06-01 00:00:01;2011-07-01 00:00:00;2011-06;15.0;Y
2011-07-01 00:00:01;2011-08-01 00:00:00;2011-07;16.6;Y
2011-08-01 00:00:01;2011-09-01 00:00:00;2011-08;15.0;Y
2011-09-01 00:00:01;2011-10-01 00:00:00;2011-09;12.5;Y
2011-10-01 00:00:01;2011-11-01 00:00:00;2011-10;7.2;Y
2011-11-01 00:00:01;2011-12-01 00:00:00;2011-11;4.6;Y
2011-12-01 00:00:01;2012-01-01 00:00:00;2011-12;1.4;Y
2012-01-01 00:00:01;2012-02-01 00:00:00;2012-01;-1.6;Y
2012-02-01 00:00:01;2012-03-01 00:00:00;2012-02;-3.9;Y
2012-03-01 00:00:01;2012-04-01 00:00:00;2012-03;3.8;Y
2012-04-01 00:00:01;2012-05-01 00:00:00;2012-04;3.7;Y
2012-05-01 00:00:01;2012-06-01 00:00:00;2012-05;10.9;Y
2012-06-01 00:00:01;2012-07-01 00:00:00;2012-06;12.1;Y
2012-07-01 00:00:01;2012-08-01 00:00:00;2012-07;15.3;Y
2012-08-01 00:00:01;2012-09-01 00:00:00;2012-08;14.8;Y
2012-09-01 00:00:01;2012-10-01 00:00:00;2012-09;10.9;Y
2012-10-01 00:00:01;2012-11-01 00:00:00;2012-10;5.5;Y
2012-11-01 00:00:01;2012-12-01 00:00:00;2012-11;3.8;Y
2012-12-01 00:00:01;2013-01-01 00:00:00;2012-12;-4.4;Y
2013-01-01 00:00:01;2013-02-01 00:00:00;2013-01;-3.8;Y
2013-02-01 00:00:01;2013-03-01 00:00:00;2013-02;-3.3;Y
2013-03-01 00:00:01;2013-04-01 00:00:00;2013-03;-4.4;Y
2013-04-01 00:00:01;2013-05-01 00:00:00;2013-04;3.8;Y
2013-05-01 00:00:01;2013-06-01 00:00:00;2013-05;11.5;Y
2013-06-01 00:00:01;2013-07-01 00:00:00;2013-06;14.0;Y
2013-07-01 00:00:01;2013-08-01 00:00:00;2013-07;16.5;Y
2013-08-01 00:00:01;2013-09-01 00:00:00;2013-08;14.8;Y
2013-09-01 00:00:01;2013-10-01 00:00:00;2013-09;10.2;Y
2013-10-01 00:00:01;2013-11-01 00:00:00;2013-10;7.5;Y
2013-11-01 00:00:01;2013-12-01 00:00:00;2013-11;3.1;Y
2013-12-01 00:00:01;2014-01-01 00:00:00;2013-12;2.5;Y
2014-01-01 00:00:01;2014-02-01 00:00:00;2014-01;-1.9;Y
2014-02-01 00:00:01;2014-03-01 00:00:00;2014-02;1.8;Y
2014-03-01 00:00:01;2014-04-01 00:00:00;2014-03;3.8;Y
2014-04-01 00:00:01;2014-05-01 00:00:00;2014-04;6.8;Y
2014-05-01 00:00:01;2014-06-01 00:00:00;2014-05;10.7;Y
2014-06-01 00:00:01;2014-07-01 00:00:00;2014-06;13.5;Y
2014-07-01 00:00:01;2014-08-01 00:00:00;2014-07;18.2;Y
2014-08-01 00:00:01;2014-09-01 00:00:00;2014-08;14.3;Y
2014-09-01 00:00:01;2014-10-01 00:00:00;2014-09;11.7;Y
2014-10-01 00:00:01;2014-11-01 00:00:00;2014-10;8.9;Y
2014-11-01 00:00:01;2014-12-01 00:00:00;2014-11;4.3;Y
2014-12-01 00:00:01;2015-01-01 00:00:00;2014-12;-0.3;Y
2015-01-01 00:00:01;2015-02-01 00:00:00;2015-01;0.2;Y
2015-02-01 00:00:01;2015-03-01 00:00:00;2015-02;-0.2;Y
2015-03-01 00:00:01;2015-04-01 00:00:00;2015-03;2.7;Y
2015-04-01 00:00:01;2015-05-01 00:00:00;2015-04;5.8;Y
2015-05-01 00:00:01;2015-06-01 00:00:00;2015-05;8.3;Y
2015-06-01 00:00:01;2015-07-01 00:00:00;2015-06;12.3;Y
2015-07-01 00:00:01;2015-08-01 00:00:00;2015-07;15.1;Y
2015-08-01 00:00:01;2015-09-01 00:00:00;2015-08;15.7;Y
2015-09-01 00:00:01;2015-10-01 00:00:00;2015-09;11.3;Y
2015-10-01 00:00:01;2015-11-01 00:00:00;2015-10;6.8;Y
2015-11-01 00:00:01;2015-12-01 00:00:00;2015-11;4.4;Y
2015-12-01 00:00:01;2016-01-01 00:00:00;2015-12;3.3;Y
2016-01-01 00:00:01;2016-02-01 00:00:00;2016-01;-4.7;Y
2016-02-01 00:00:01;2016-03-01 00:00:00;2016-02;-0.7;Y
2016-03-01 00:00:01;2016-04-01 00:00:00;2016-03;1.8;Y
2016-04-01 00:00:01;2016-05-01 00:00:00;2016-04;4.9;Y
2016-05-01 00:00:01;2016-06-01 00:00:00;2016-05;11.8;Y
2016-06-01 00:00:01;2016-07-01 00:00:00;2016-06;14.8;Y
2016-07-01 00:00:01;2016-08-01 00:00:00;2016-07;16.1;Y
2016-08-01 00:00:01;2016-09-01 00:00:00;2016-08;14.1;Y
2016-09-01 00:00:01;2016-10-01 00:00:00;2016-09;13.6;Y
2016-10-01 00:00:01;2016-11-01 00:00:00;2016-10;6.2;Y
2016-11-01 00:00:01;2016-12-01 00:00:00;2016-11;1.3;Y
2016-12-01 00:00:01;2017-01-01 00:00:00;2016-12;1.7;Y
2017-01-01 00:00:01;2017-02-01 00:00:00;2017-01;-1.6;Y
2017-02-01 00:00:01;2017-03-01 00:00:00;2017-02;-0.4;Y
2017-03-01 00:00:01;2017-04-01 00:00:00;2017-03;2.3;Y
2017-04-01 00:00:01;2017-05-01 00:00:00;2017-04;4.4;Y
2017-05-01 00:00:01;2017-06-01 00:00:00;2017-05;10.9;Y
2017-06-01 00:00:01;2017-07-01 00:00:00;2017-06;14.2;Y
2017-07-01 00:00:01;2017-08-01 00:00:00;2017-07;15.1;Y
2017-08-01 00:00:01;2017-09-01 00:00:00;2017-08;14.4;Y
2017-09-01 00:00:01;2017-10-01 00:00:00;2017-09;11.6;Y
2017-10-01 00:00:01;2017-11-01 00:00:00;2017-10;7.4;Y
2017-11-01 00:00:01;2017-12-01 00:00:00;2017-11;2.4;Y
2017-12-01 00:00:01;2018-01-01 00:00:00;2017-12;1.1;Y
2018-01-01 00:00:01;2018-02-01 00:00:00;2018-01;-0.5;Y
2018-02-01 00:00:01;2018-03-01 00:00:00;2018-02;-4.1;Y
2018-03-01 00:00:01;2018-04-01 00:00:00;2018-03;-2.9;Y
2018-04-01 00:00:01;2018-05-01 00:00:00;2018-04;6.7;Y
2018-05-01 00:00:01;2018-06-01 00:00:00;2018-05;14.9;Y
2018-06-01 00:00:01;2018-07-01 00:00:00;2018-06;15.9;Y
2018-07-01 00:00:01;2018-08-01 00:00:00;2018-07;20.0;Y
2018-08-01 00:00:01;2018-09-01 00:00:00;2018-08;16.5;Y
2018-09-01 00:00:01;2018-10-01 00:00:00;2018-09;12.4;Y
2018-10-01 00:00:01;2018-11-01 00:00:00;2018-10;7.6;Y
2018-11-01 00:00:01;2018-12-01 00:00:00;2018-11;3.2;Y
2018-12-01 00:00:01;2019-01-01 00:00:00;2018-12;0.6;Y
2019-01-01 00:00:01;2019-02-01 00:00:00;2019-01;-2.4;Y
2019-02-01 00:00:01;2019-03-01 00:00:00;2019-02;1.9;Y
2019-03-01 00:00:01;2019-04-01 00:00:00;2019-03;2.6;Y
2019-04-01 00:00:01;2019-05-01 00:00:00;2019-04;7.0;Y
2019-05-01 00:00:01;2019-06-01 00:00:00;2019-05;9.5;Y
2019-06-01 00:00:01;2019-07-01 00:00:00;2019-06;16.9;Y
2019-07-01 00:00:01;2019-08-01 00:00:00;2019-07;16.2;Y
2019-08-01 00:00:01;2019-09-01 00:00:00;2019-08;15.7;Y
2019-09-01 00:00:01;2019-10-01 00:00:00;2019-09;11.4;Y
2019-10-01 00:00:01;2019-11-01 00:00:00;2019-10;6.7;Y
2019-11-01 00:00:01;2019-12-01 00:00:00;2019-11;3.1;Y
2019-12-01 00:00:01;2020-01-01 00:00:00;2019-12;2.3;Y
2020-01-01 00:00:01;2020-02-01 00:00:00;2020-01;3.2;Y
2020-02-01 00:00:01;2020-03-01 00:00:00;2020-02;1.5;Y
2020-03-01 00:00:01;2020-04-01 00:00:00;2020-03;2.0;Y
2020-04-01 00:00:01;2020-05-01 00:00:00;2020-04;6.5;Y
2020-05-01 00:00:01;2020-06-01 00:00:00;2020-05;9.0;Y
2020-06-01 00:00:01;2020-07-01 00:00:00;2020-06;16.4;Y
2020-07-01 00:00:01;2020-08-01 00:00:00;2020-07;14.4;Y
2020-08-01 00:00:01;2020-09-01 00:00:00;2020-08;16.8;Y
2020-09-01 00:00:01;2020-10-01 00:00:00;2020-09;12.4;Y
2020-10-01 00:00:01;2020-11-01 00:00:00;2020-10;8.1;Y
2020-11-01 00:00:01;2020-12-01 00:00:00;2020-11;5.9;Y
2020-12-01 00:00:01;2021-01-01 00:00:00;2020-12;2.6;Y
2021-01-01 00:00:01;2021-02-01 00:00:00;2021-01;-2.5;Y
2021-02-01 00:00:01;2021-03-01 00:00:00;2021-02;-3.1;Y
2021-03-01 00:00:01;2021-04-01 00:00:00;2021-03;2.2;Y
2021-04-01 00:00:01;2021-05-01 00:00:00;2021-04;3.7;Y
2021-05-01 00:00:01;2021-06-01 00:00:00;2021-05;9.9;Y
2021-06-01 00:00:01;2021-07-01 00:00:00;2021-06;17.0;Y
2021-07-01 00:00:01;2021-08-01 00:00:00;2021-07;18.3;Y
2021-08-01 00:00:01;2021-09-01 00:00:00;2021-08;14.1;Y
2021-09-01 00:00:01;2021-10-01 00:00:00;2021-09;11.7;Y
2021-10-01 00:00:01;2021-11-01 00:00:00;2021-10;7.9;Y
2021-11-01 00:00:01;2021-12-01 00:00:00;2021-11;3.8;Y
2021-12-01 00:00:01;2022-01-01 00:00:00;2021-12;-2.8;Y
2022-01-01 00:00:01;2022-02-01 00:00:00;2022-01;0.5;Y
2022-02-01 00:00:01;2022-03-01 00:00:00;2022-02;0.5;Y
2022-03-01 00:00:01;2022-04-01 00:00:00;2022-03;1.7;Y
2022-04-01 00:00:01;2022-05-01 00:00:00;2022-04;4.5;Y
2022-05-01 00:00:01;2022-06-01 00:00:00;2022-05;10.3;Y
2022-06-01 00:00:01;2022-07-01 00:00:00;2022-06;15.9;Y
2022-07-01 00:00:01;2022-08-01 00:00:00;2022-07;16.8;Y
2022-08-01 00:00:01;2022-09-01 00:00:00;2022-08;16.7;Y
2022-09-01 00:00:01;2022-10-01 00:00:00;2022-09;10.4;Y
2022-10-01 00:00:01;2022-11-01 00:00:00;2022-10;9.1;Y
2022-11-01 00:00:01;2022-12-01 00:00:00;2022-11;5.1;Y
2022-12-01 00:00:01;2023-01-01 00:00:00;2022-12;-1.9;Y
2023-01-01 00:00:01;2023-02-01 00:00:00;2023-01;0.6;Y
2023-02-01 00:00:01;2023-03-01 00:00:00;2023-02;-0.1;Y
2023-03-01 00:00:01;2023-04-01 00:00:00;2023-03;0.1;Y
2023-04-01 00:00:01;2023-05-01 00:00:00;2023-04;4.8;Y
2023-05-01 00:00:01;2023-06-01 00:00:00;2023-05;11.2;Y
2023-06-01 00:00:01;2023-07-01 00:00:00;2023-06;16.5;Y
2023-07-01 00:00:01;2023-08-01 00:00:00;2023-07;14.9;Y
2023-08-01 00:00:01;2023-09-01 00:00:00;2023-08;14.8;Y
2023-09-01 00:00:01;2023-10-01 00:00:00;2023-09;14.8;Y
2023-10-01 00:00:01;2023-11-01 00:00:00;2023-10;6.1;Y
2023-11-01 00:00:01;2023-12-01 00:00:00;2023-11;0.9;Y
2023-12-01 00:00:01;2024-01-01 00:00:00;2023-12;-1.1;Y
2024-01-01 00:00:01;2024-02-01 00:00:00;2024-01;-3.2;Y
2024-02-01 00:00:01;2024-03-01 00:00:00;2024-02;1.0;Y
2024-03-01 00:00:01;2024-04-01 00:00:00;2024-03;2.8;Y
2024-04-01 00:00:01;2024-05-01 00:00:00;2024-04;5.0;Y
2024-05-01 00:00:01;2024-06-01 00:00:00;2024-05;14.0;Y
2024-06-01 00:00:01;2024-07-01 00:00:00;2024-06;14.3;Y
