<?xml version="1.0" encoding="UTF-8"?>
<config xmlns="http://www.knime.org/2008/09/XMLConfig" xmlns:xsi="http://www.w3.org/2001/XMLSchema-instance" xsi:schemaLocation="http://www.knime.org/2008/09/XMLConfig http://www.knime.org/XMLConfig_2008_09.xsd" key="model.xml">
    <entry key="version" type="xint" value="1"/>
    <entry key="class_name" type="xstring" value="org.knime.base.data.normalize.NormalizerPortObject"/>
    <config key="model">
        <config key="columns">
            <config key="Total Energy Production">
                <entry key="column_name" type="xstring" value="Total Energy Production"/>
                <entry key="column_scale" type="xdouble" value="4.986789123829179E-4"/>
                <entry key="column_translate" type="xdouble" value="-6.881408500104232"/>
                <entry key="column_min" type="xdouble" value="NaN"/>
                <entry key="column_max" type="xdouble" value="NaN"/>
            </config>
            <config key="Air Temperature">
                <entry key="column_name" type="xstring" value="Air Temperature"/>
                <entry key="column_scale" type="xdouble" value="0.1534527289282031"/>
                <entry key="column_translate" type="xdouble" value="-1.4346905740757303"/>
                <entry key="column_min" type="xdouble" value="NaN"/>
                <entry key="column_max" type="xdouble" value="NaN"/>
            </config>
            <config key="Rainfall Amount">
                <entry key="column_name" type="xstring" value="Rainfall Amount"/>
                <entry key="column_scale" type="xdouble" value="0.028843018913094813"/>
                <entry key="column_translate" type="xdouble" value="-1.7870856513551976"/>
                <entry key="column_min" type="xdouble" value="NaN"/>
                <entry key="column_max" type="xdouble" value="NaN"/>
            </config>
            <config key="Total SunTime">
                <entry key="column_name" type="xstring" value="Total SunTime"/>
                <entry key="column_scale" type="xdouble" value="0.002052888210988009"/>
                <entry key="column_translate" type="xdouble" value="-1.5413878023046945"/>
                <entry key="column_min" type="xdouble" value="NaN"/>
                <entry key="column_max" type="xdouble" value="NaN"/>
            </config>
            <config key="Wind Speed">
                <entry key="column_name" type="xstring" value="Wind Speed"/>
                <entry key="column_scale" type="xdouble" value="2.4070154788385136"/>
                <entry key="column_translate" type="xdouble" value="-6.65447740032064"/>
                <entry key="column_min" type="xdouble" value="NaN"/>
                <entry key="column_max" type="xdouble" value="NaN"/>
            </config>
            <config key="Total Cloud Perc">
                <entry key="column_name" type="xstring" value="Total Cloud Perc"/>
                <entry key="column_scale" type="xdouble" value="0.05725969863458788"/>
                <entry key="column_translate" type="xdouble" value="-3.928131744127877"/>
                <entry key="column_min" type="xdouble" value="NaN"/>
                <entry key="column_max" type="xdouble" value="NaN"/>
            </config>
            <config key="Humidity Perc">
                <entry key="column_name" type="xstring" value="Humidity Perc"/>
                <entry key="column_scale" type="xdouble" value="0.10517398077149487"/>
                <entry key="column_translate" type="xdouble" value="-8.616089717766576"/>
                <entry key="column_min" type="xdouble" value="NaN"/>
                <entry key="column_max" type="xdouble" value="NaN"/>
            </config>
            <config key="Irradians WattperM2">
                <entry key="column_name" type="xstring" value="Irradians WattperM2"/>
                <entry key="column_scale" type="xdouble" value="0.011281551022413377"/>
                <entry key="column_translate" type="xdouble" value="-1.3194532592340413"/>
                <entry key="column_min" type="xdouble" value="NaN"/>
                <entry key="column_max" type="xdouble" value="NaN"/>
            </config>
        </config>
        <entry key="summary" type="xstring" value="Z-Score (Gaussian) normalization on 8 column(s)"/>
    </config>
</config>
