<?xml version="1.0" encoding="UTF-8"?>
<config xmlns="http://www.knime.org/2008/09/XMLConfig" xmlns:xsi="http://www.w3.org/2001/XMLSchema-instance" xsi:schemaLocation="http://www.knime.org/2008/09/XMLConfig http://www.knime.org/XMLConfig_2008_09.xsd" key="MiningSchema">
    <config key="learning">
        <entry key="array-size" type="xint" value="10"/>
        <entry key="0" type="xstring" value="Air Temperature"/>
        <entry key="1" type="xstring" value="Rainfall Amount"/>
        <entry key="2" type="xstring" value="Total SunTime"/>
        <entry key="3" type="xstring" value="Wind Speed"/>
        <entry key="4" type="xstring" value="Total Cloud Perc"/>
        <entry key="5" type="xstring" value="Humidity Perc"/>
        <entry key="6" type="xstring" value="Irradians WattperM2"/>
        <entry key="7" type="xstring" value="Total Energy Production(-1)"/>
        <entry key="8" type="xstring" value="Total Energy Production(-2)"/>
        <entry key="9" type="xstring" value="Total Energy Production(-3)"/>
    </config>
    <config key="target">
        <entry key="array-size" type="xint" value="1"/>
        <entry key="0" type="xstring" value="Total Energy Production"/>
    </config>
</config>
